,Symbol,Name,Current Price,Current IV,SMA200,SMA50,Price Percentile 13W,Price Percentile 52W,Price Rank 13W,Price Rank 52W,Price Change 13W,Price Change 52W,IV Percentile 13W,IV Percentile 52W,IV Rank 13W,IV Rank 52W,Market Cap
0,AAP,Advance Auto Parts Inc.,$57.79,46.00,$44.78,$55.68,68.00%,92.00%,51.53,70.30,17.00%,18.00%,24.00%,12.00%,12.76,14.20,"$3,466.53M"
1,ACLS,Axcelis Technologies Inc. Common Stock,$81.29,46.00,$66.16,$73.74,94.00%,76.00%,85.91,55.75,36.00%,-26.00%,6.00%,3.00%,9.33,4.23,"$2,554.04M"
2,ACLX,Arcellx Inc. Common Stock,$71.28,46.00,$70.31,$68.70,79.00%,56.00%,74.68,39.35,15.00%,-1.00%,19.00%,18.00%,30.17,8.18,"$3,953.11M"
3,AFRM,Affirm Holdings Inc. Class A Common Stock,$79.49,76.00,$59.94,$69.08,98.00%,99.00%,96.99,94.16,55.00%,149.00%,77.00%,58.00%,54.96,27.78,"$25,643.47M"
4,AGX,Argan Inc. Common Stock,$222.16,75.00,$169.27,$219.45,63.00%,91.00%,47.26,82.81,6.00%,189.00%,82.00%,85.00%,74.88,75.36,"$3,030.44M"
5,AKRO,Akero Therapeutics Inc. Common Stock,$49.23,58.00,$42.49,$51.40,24.00%,73.00%,34.57,75.26,7.00%,80.00%,3.00%,27.00%,14.34,8.00,"$3,937.86M"
6,ALAB,Astera Labs Inc. Common Stock,$179.09,66.00,$100.01,$123.84,87.00%,97.00%,82.23,87.47,84.00%,316.00%,29.00%,14.00%,39.81,27.87,"$29,768.19M"
7,ALB,Albemarle Corporation Common Stock,$81.34,48.00,$77.08,$71.17,87.00%,53.00%,81.90,49.49,38.00%,-9.00%,0.00%,11.00%,12.52,9.15,"$9,572.33M"
8,ALK,Alaska Air Group Inc. Common Stock,$59.50,42.00,$56.31,$52.20,98.00%,76.00%,99.79,56.80,13.00%,69.00%,26.00%,51.00%,27.32,18.14,"$6,860.97M"
9,AMBA,Ambarella Inc. Ordinary Shares,$71.94,80.00,$63.15,$64.78,98.00%,80.00%,99.72,71.46,15.00%,41.00%,98.00%,99.00%,95.06,82.56,"$3,051.27M"
10,AMD,Advanced Micro Devices Inc. Common Stock,$167.76,41.00,$124.82,$154.88,74.00%,92.00%,75.79,82.85,46.00%,12.00%,24.00%,27.00%,14.46,13.10,"$272,248.26M"
11,AMSC,American Superconductor Corporation Common Stock,$50.68,61.00,$29.90,$43.04,77.00%,94.00%,76.80,82.59,85.00%,141.00%,0.00%,0.00%,6.60,3.71,"$2,288.76M"
12,ANET,Arista Networks Inc. Common Stock,$133.25,40.00,$100.96,$113.76,84.00%,96.00%,84.97,89.41,44.00%,55.00%,29.00%,35.00%,21.83,22.65,"$167,477.31M"
13,CIEN,Ciena Corporation Common Stock,$89.81,55.00,$77.65,$84.85,74.00%,91.00%,69.44,77.73,9.00%,58.00%,84.00%,81.00%,74.56,47.50,"$12,696.19M"
14,CLS,Celestica Inc. Common Stock,$188.92,56.00,$116.58,$169.67,74.00%,94.00%,72.40,83.23,59.00%,270.00%,15.00%,28.00%,9.60,18.39,"$21,731.98M"
15,COHR,Coherent Corp. Common Stock,$89.90,46.00,$86.29,$94.98,48.00%,53.00%,32.75,57.06,11.00%,13.00%,6.00%,6.00%,5.63,8.72,"$14,006.91M"
16,COIN,Coinbase Global Inc. Class A Common Stock,$319.85,49.00,$270.65,$342.66,48.00%,84.00%,40.39,58.69,20.00%,57.00%,10.00%,3.00%,44.83,28.49,"$82,181.67M"
17,COOP,Mr. Cooper Group Inc. Common Stock,$198.98,56.00,$122.29,$162.99,97.00%,99.00%,94.38,96.28,49.00%,116.00%,81.00%,90.00%,38.70,58.21,"$12,733.38M"
18,CRCL,Circle Internet Group Inc. Class A Common Stock,$135.04,71.00,$47.88,$180.93,15.00%,15.00%,30.23,30.23,62.00%,62.00%,9.00%,9.00%,4.05,4.05,"$30,981.95M"
19,CRDO,Credo Technology Group Holding Ltd Ordinary Shares,$114.04,93.00,$68.33,$101.03,81.00%,95.00%,79.06,86.10,79.00%,224.00%,79.00%,70.00%,66.21,30.73,"$19,574.03M"
20,CRSP,CRISPR Therapeutics AG Common Shares,$54.32,55.00,$45.08,$54.46,52.00%,87.00%,52.98,59.09,45.00%,10.00%,11.00%,24.00%,15.67,25.73,"$4,940.43M"
21,CRWD,CrowdStrike Holdings Inc. Class A Common Stock,$420.55,50.00,$406.25,$466.61,5.00%,65.00%,10.34,64.66,-11.00%,58.00%,73.00%,65.00%,72.64,35.00,"$104,821.32M"
22,CRWV,CoreWeave Inc. Class A Common Stock,$93.99,71.00,$52.36,$132.93,5.00%,39.00%,8.58,39.40,-24.00%,135.00%,6.00%,5.00%,31.39,28.47,"$45,920.92M"
23,CVNA,Carvana Co. Class A Common Stock,$357.81,49.00,$265.80,$339.14,92.00%,98.00%,57.18,80.78,14.00%,126.00%,26.00%,19.00%,14.41,8.73,"$77,001.94M"
24,DAL,Delta Air Lines Inc. Common Stock,$61.69,42.00,$55.00,$53.62,98.00%,78.00%,98.44,76.48,25.00%,51.00%,60.00%,55.00%,47.92,19.34,"$40,280.39M"
25,DAVE,Dave Inc. Class A Common Stock,$199.00,60.00,$134.48,$218.56,18.00%,80.00%,20.63,65.67,-5.00%,399.00%,0.00%,1.00%,14.39,1.92,"$2,712.30M"
26,DELL,Dell Technologies Inc. Class C Common Stock ,$130.84,50.00,$113.57,$127.39,74.00%,87.00%,68.46,79.34,15.00%,17.00%,66.00%,56.00%,73.50,29.67,"$88,820.67M"
27,DG,Dollar General Corporation Common Stock,$112.40,43.00,$90.15,$112.13,47.00%,86.00%,74.55,77.93,11.00%,-10.00%,65.00%,63.00%,77.98,17.48,"$24,735.94M"
28,DIOD,Diodes Incorporated Common Stock,$56.24,40.00,$52.28,$52.85,89.00%,53.00%,82.33,58.52,21.00%,-19.00%,5.00%,4.00%,24.57,16.98,"$2,611.94M"
29,DKS,Dick's Sporting Goods Inc Common Stock,$227.63,44.00,$207.50,$206.81,98.00%,85.00%,97.10,69.43,31.00%,-3.00%,90.00%,65.00%,73.58,31.79,"$18,221.12M"
30,DLTR,Dollar Tree Inc. Common Stock,$113.32,45.00,$83.24,$108.37,66.00%,92.00%,85.21,91.77,25.00%,17.00%,79.00%,50.00%,65.61,28.44,"$23,649.41M"
31,DOOO,BRP Inc. (Recreational Products) Common Subordinate Voting Shares,$58.39,45.00,$45.27,$51.00,98.00%,87.00%,96.36,64.81,60.00%,-19.00%,66.00%,64.00%,26.43,19.41,"$4,270.18M"
32,ECG,Everus Construction Group Inc. Common Stock,$76.11,46.00,$58.21,$68.62,95.00%,98.00%,59.03,76.31,28.00%,55.00%,9.00%,9.00%,7.64,7.64,"$3,882.11M"
33,ELF,e.l.f. Beauty Inc. Common Stock,$118.15,50.00,$100.20,$118.49,53.00%,65.00%,70.03,60.87,29.00%,-24.00%,29.00%,7.00%,14.19,10.15,"$6,703.23M"
34,ETOR,eToro Group Ltd. Class A Common Shares,$46.61,51.00,$21.05,$58.10,5.00%,4.00%,8.53,8.53,-28.00%,-30.00%,3.00%,3.00%,16.76,16.76,"$3,769.52M"
35,ETSY,Etsy Inc. Common Stock,$62.66,42.00,$53.19,$58.57,74.00%,94.00%,65.06,74.08,24.00%,14.00%,35.00%,47.00%,22.69,17.63,"$6,210.14M"
36,FIG,Figma Inc. Class A Common Stock,$77.30,88.00,$7.15,$28.58,29.00%,29.00%,13.57,13.57,-33.00%,-33.00%,7.00%,7.00%,5.95,5.95,"$37,680.73M"
37,FIVE,Five Below Inc. Common Stock,$141.81,56.00,$102.00,$133.65,95.00%,99.00%,91.92,96.89,22.00%,69.00%,81.00%,52.00%,66.03,24.69,"$7,807.78M"
38,FLY,Firefly Aerospace Inc. Common Stock,$46.11,82.00,$2.97,$11.90,17.00%,17.00%,7.08,7.08,-24.00%,-24.00%,10.00%,10.00%,34.05,34.05,"$6,480.83M"
39,FN,Fabrinet Ordinary Shares,$294.35,43.00,$240.67,$300.56,50.00%,88.00%,52.84,70.10,25.00%,17.00%,0.00%,5.00%,8.91,9.34,"$10,517.00M"
40,FND,Floor & Decor Holdings Inc. Common Stock,$88.02,44.00,$88.02,$79.72,98.00%,46.00%,96.50,37.51,20.00%,-21.00%,23.00%,39.00%,15.58,18.23,"$9,479.00M"
41,FRHC,Freedom Holding Corp. Common Stock,$174.05,41.00,$143.97,$162.60,73.00%,92.00%,64.99,81.15,11.00%,92.00%,15.00%,64.00%,31.14,24.37,"$10,655.63M"
42,FSLR,First Solar Inc. Common Stock,$202.28,48.00,$165.58,$175.44,94.00%,81.00%,77.65,58.65,30.00%,-13.00%,2.00%,12.00%,3.99,11.06,"$21,694.05M"
43,FTAI,FTAI Aviation Ltd. Common Stock,$147.71,44.00,$124.30,$126.16,98.00%,86.00%,88.48,68.16,23.00%,21.00%,6.00%,14.00%,3.12,9.53,"$15,150.70M"
44,FUL,H. B. Fuller Company Common Stock,$62.21,40.00,$60.93,$58.92,87.00%,54.00%,76.22,38.22,11.00%,-25.00%,76.00%,88.00%,32.15,31.84,"$3,357.09M"
45,FUTU,Futu Holdings Limited American Depositary Shares,$190.64,52.00,$109.62,$146.76,98.00%,100.00%,96.08,97.34,78.00%,212.00%,24.00%,16.00%,34.76,31.01,"$26,542.33M"
46,GEV,GE Vernova Inc. Common Stock,$607.07,43.00,$414.59,$575.68,68.00%,92.00%,67.88,85.90,29.00%,233.00%,29.00%,12.00%,21.36,6.94,"$165,258.99M"
47,GH,Guardant Health Inc. Common Stock,$61.40,53.00,$42.78,$50.22,98.00%,100.00%,94.38,96.70,57.00%,130.00%,8.00%,7.00%,17.03,11.59,"$7,656.94M"
48,GWRE,Guidewire Software Inc. Common Stock,$213.99,46.00,$204.37,$226.21,18.00%,74.00%,14.52,59.08,2.00%,45.00%,89.00%,89.00%,82.82,63.65,"$18,016.94M"
49,HCC,Warrior Met Coal Inc. Common Stock,$59.31,42.00,$53.05,$52.38,85.00%,72.00%,80.06,57.36,23.00%,2.00%,0.00%,2.00%,9.88,1.17,"$3,117.89M"
50,HIMS,Hims & Hers Health Inc. Class A Common Stock,$44.57,70.00,$40.43,$51.78,10.00%,68.00%,12.49,52.26,-16.00%,178.00%,5.00%,12.00%,10.44,13.13,"$10,073.69M"
51,HNGE,Hinge Health Inc. Class A Common Stock,$57.57,66.00,$14.74,$48.00,90.00%,91.00%,83.97,83.97,37.00%,53.00%,5.00%,5.00%,10.48,10.48,"$4,515.52M"
52,HOOD,Robinhood Markets Inc. Class A Common Stock,$109.32,62.00,$59.66,$98.37,85.00%,96.00%,84.70,91.53,66.00%,422.00%,39.00%,33.00%,15.41,18.62,"$96,471.51M"
53,IESC,IES Holdings Inc. Common Stock,$341.11,54.00,$248.81,$315.41,84.00%,96.00%,76.08,87.06,32.00%,83.00%,19.00%,9.00%,23.21,8.80,"$6,772.56M"
54,INSM,Insmed Incorporated Common Stock,$131.88,40.00,$81.80,$107.42,97.00%,99.00%,97.53,97.70,94.00%,75.00%,8.00%,6.00%,7.21,9.69,"$27,876.11M"
55,IONS,Ionis Pharmaceuticals Inc. Common Stock,$42.69,56.00,$35.32,$41.20,74.00%,89.00%,78.26,70.77,28.00%,-9.00%,77.00%,84.00%,66.12,40.92,"$6,804.41M"
56,IRON,Disc Medicine Inc. Common Stock,$60.35,54.00,$55.03,$56.90,87.00%,80.00%,78.00,77.90,32.00%,21.00%,31.00%,25.00%,35.28,10.42,"$2,098.10M"
57,JOYY,JOYY Inc. American Depositary Shares,$51.84,41.00,$44.66,$51.28,77.00%,94.00%,74.15,84.45,12.00%,54.00%,92.00%,46.00%,58.84,25.91,"$2,681.27M"
58,KEN,Kenon Holdings Ltd. Ordinary Shares,$45.19,48.00,$34.61,$43.56,74.00%,94.00%,69.96,81.31,32.00%,81.00%,98.00%,47.00%,33.51,17.50,"$2,356.67M"
59,KFY,Korn Ferry Common Stock,$76.46,44.00,$69.48,$72.44,98.00%,93.00%,86.93,80.49,11.00%,6.00%,85.00%,88.00%,28.01,28.01,"$3,969.88M"
60,KRMN,Karman Holdings Inc. Common Stock,$52.24,53.00,$27.11,$49.44,92.00%,96.00%,66.58,84.27,15.00%,74.00%,14.00%,14.00%,25.77,25.77,"$6,912.52M"
61,KTOS,Kratos Defense & Security Solutions Inc. Common Stock,$66.71,54.00,$36.54,$54.08,90.00%,98.00%,83.73,88.45,75.00%,195.00%,40.00%,68.00%,36.58,41.94,"$11,260.28M"
62,KYMR,Kymera Therapeutics Inc. Common Stock,$44.10,57.00,$38.83,$44.23,44.00%,59.00%,72.22,72.89,57.00%,-11.00%,10.00%,6.00%,4.80,4.80,"$3,153.04M"
63,LEN,Lennar Corporation Class A Common Stock,$135.75,40.00,$124.43,$116.15,98.00%,65.00%,96.60,42.52,26.00%,-23.00%,71.00%,76.00%,59.59,39.78,"$35,160.18M"
64,LIF,Life360 Inc. Common Stock,$90.22,41.00,$52.09,$72.05,98.00%,100.00%,96.76,98.33,44.00%,132.00%,11.00%,12.00%,10.47,4.93,"$6,996.44M"
65,LITE,Lumentum Holdings Inc. Common Stock,$119.34,50.00,$82.15,$101.84,95.00%,99.00%,81.95,87.38,52.00%,112.00%,26.00%,32.00%,19.79,13.47,"$8,341.87M"
66,LMND,Lemonade Inc. Common Stock,$56.82,70.00,$37.31,$44.64,90.00%,98.00%,87.79,92.05,72.00%,206.00%,15.00%,22.00%,26.73,26.12,"$4,198.23M"
67,LSCC,Lattice Semiconductor Corporation Common Stock,$64.16,44.00,$54.58,$54.32,97.00%,96.00%,90.81,82.19,34.00%,37.00%,2.00%,3.00%,2.69,5.28,"$8,783.22M"
68,LTM,LATAM Airlines Group S.A. American Depositary Shares (each representing two thousand (2000) shares of Common Stock),$48.04,41.00,$33.58,$41.87,98.00%,100.00%,99.39,99.71,26.00%,84.00%,26.00%,26.00%,25.29,25.29,"$14,518.60M"
69,MCHP,Microchip Technology Incorporated Common Stock,$69.14,40.00,$59.77,$69.45,55.00%,66.00%,60.84,72.16,18.00%,-14.00%,8.00%,18.00%,19.65,13.30,"$37,313.45M"
70,MDGL,Madrigal Pharmaceuticals Inc. Common Stock,$414.68,45.00,$317.74,$321.29,98.00%,100.00%,96.57,97.58,53.00%,62.00%,16.00%,10.00%,23.98,13.01,"$9,242.81M"
71,MGRC,McGrath RentCorp Common Stock,$124.02,48.00,$116.26,$118.47,90.00%,94.00%,75.41,82.83,7.00%,14.00%,10.00%,20.00%,20.77,13.65,"$3,052.32M"
72,MIRM,Mirum Pharmaceuticals Inc. Common Stock,$71.52,50.00,$47.22,$54.78,98.00%,100.00%,98.05,98.41,63.00%,66.00%,52.00%,24.00%,25.28,18.44,"$3,593.00M"
73,MKSI,MKS Inc. Common Stock,$105.25,41.00,$96.76,$99.65,94.00%,60.00%,90.49,71.51,20.00%,-11.00%,3.00%,14.00%,12.36,9.13,"$7,068.49M"
74,MLTX,MoonLake Immunotherapeutics Class A Ordinary Shares,$55.89,140.00,$45.96,$50.53,98.00%,99.00%,92.07,91.17,45.00%,16.00%,97.00%,99.00%,67.09,67.93,"$3,589.86M"
75,MOD,Modine Manufacturing Company Common Stock,$140.37,44.00,$104.93,$111.73,94.00%,97.00%,91.62,92.11,52.00%,21.00%,3.00%,1.00%,8.22,4.11,"$7,368.05M"
76,MP,MP Materials Corp. Common Stock,$67.88,68.00,$29.90,$53.25,79.00%,95.00%,77.11,79.17,262.00%,426.00%,3.00%,65.00%,27.68,37.32,"$12,021.43M"
77,MRUS,Merus N.V. Common Shares,$67.49,47.00,$48.59,$59.98,98.00%,100.00%,97.25,98.53,33.00%,27.00%,16.00%,14.00%,24.44,11.03,"$5,104.56M"
78,MSTR,Strategy Inc Common Stock Class A,$358.13,52.00,$355.15,$393.83,5.00%,56.00%,24.74,56.94,-4.00%,144.00%,42.00%,10.00%,30.07,4.40,"$101,548.82M"
79,MU,Micron Technology Inc. Common Stock,$117.68,45.00,$99.92,$118.25,53.00%,88.00%,67.66,82.18,22.00%,19.00%,61.00%,36.00%,34.04,16.67,"$131,698.64M"
80,NBIS,Nebius Group N.V. Class A Ordinary Shares,$68.98,72.00,$36.44,$55.27,90.00%,98.00%,83.05,88.70,73.00%,264.00%,0.00%,0.00%,3.90,1.90,"$16,424.75M"
81,NET,Cloudflare Inc. Class A Common Stock,$196.17,44.00,$142.81,$193.20,68.00%,92.00%,61.78,84.16,21.00%,140.00%,39.00%,39.00%,21.58,27.76,"$68,361.63M"
82,NTAP,NetApp Inc. Common Stock,$110.52,41.00,$107.11,$105.69,98.00%,49.00%,97.97,60.81,10.00%,-17.00%,73.00%,70.00%,73.93,43.92,"$22,144.47M"
83,NVDA,NVIDIA Corporation Common Stock,$177.99,43.00,$137.86,$167.00,79.00%,95.00%,87.41,93.37,31.00%,41.00%,81.00%,32.00%,62.34,20.69,"$4,342,956.00M"
84,NVMI,Nova Ltd. Ordinary Shares,$252.80,41.00,$221.63,$263.65,37.00%,80.00%,62.63,71.60,28.00%,16.00%,3.00%,6.00%,10.37,12.92,"$7,401.73M"
85,NXT,Nextracker Inc. Class A Common Stock,$68.77,47.00,$48.05,$60.35,98.00%,100.00%,92.57,96.51,23.00%,63.00%,23.00%,9.00%,38.05,11.69,"$10,175.48M"
86,ODD,ODDITY Tech Ltd. Class A Ordinary Shares,$60.51,44.00,$54.00,$68.56,18.00%,73.00%,18.96,59.81,-16.00%,62.00%,2.00%,4.00%,25.67,16.86,"$3,378.17M"
87,OKLO,Oklo Inc. Class A common stock,$70.38,79.00,$39.30,$65.82,71.00%,93.00%,62.85,81.29,31.00%,913.00%,0.00%,4.00%,5.07,8.09,"$10,388.74M"
88,OLLI,Ollie's Bargain Outlet Holdings Inc. Common Stock,$132.19,49.00,$113.14,$131.15,61.00%,90.00%,73.65,82.78,16.00%,35.00%,87.00%,80.00%,75.74,63.33,"$8,108.68M"
89,ONC,BeOne Medicines Ltd. American Depositary Shares,$313.67,40.00,$239.25,$280.24,94.00%,98.00%,82.20,89.38,32.00%,57.00%,6.00%,15.00%,21.78,29.12,"$34,512.70M"
90,ORCL,Oracle Corporation Common Stock,$236.37,52.00,$181.04,$234.67,58.00%,90.00%,75.97,82.75,46.00%,70.00%,94.00%,94.00%,90.97,59.81,"$663,923.86M"
91,PDD,PDD Holdings Inc. American Depositary Shares,$127.11,44.00,$109.52,$110.33,98.00%,91.00%,94.40,58.34,23.00%,27.00%,73.00%,47.00%,82.95,29.19,"$180,451.26M"
92,PI,Impinj Inc. Common Stock,$176.82,47.00,$125.24,$130.22,98.00%,76.00%,92.68,64.78,52.00%,9.00%,2.00%,10.00%,4.46,5.13,"$5,143.64M"
93,PII,Polaris Inc. Common Stock,$57.15,51.00,$48.67,$48.73,92.00%,62.00%,83.18,46.09,44.00%,-34.00%,26.00%,53.00%,26.65,26.26,"$3,213.24M"
94,PKX,POSCO HOLDINGS INC. American Depositary Shares (Each representing 1/4th of a share of Common Stock),$55.76,42.00,$48.93,$54.01,69.00%,71.00%,69.81,47.27,27.00%,-14.00%,85.00%,82.00%,54.65,32.03,"$18,428.54M"
95,PLTR,Palantir Technologies Inc. Class A Common Stock,$158.74,50.00,$106.35,$153.57,79.00%,95.00%,56.00,80.55,29.00%,415.00%,26.00%,20.00%,24.93,24.07,"$376,585.64M"
96,POWL,Powell Industries Inc. Common Stock,$262.95,51.00,$218.32,$224.01,95.00%,84.00%,88.43,53.40,45.00%,36.00%,0.00%,7.00%,2.45,11.02,"$3,173.42M"
97,PSIX,Power Solutions International Inc. Common Stock,$91.26,87.00,$43.29,$78.04,89.00%,97.00%,63.24,71.34,123.00%,340.00%,9.00%,9.00%,10.97,10.97,"$2,101.70M"
98,PSTG,Pure Storage Inc. Class A Common Stock,$58.33,63.00,$55.86,$56.39,84.00%,72.00%,70.94,60.83,5.00%,-4.00%,92.00%,84.00%,83.58,29.36,"$19,064.09M"
99,PTCT,PTC Therapeutics Inc. Common Stock,$50.57,41.00,$47.94,$48.93,71.00%,82.00%,66.85,72.08,6.00%,45.00%,3.00%,2.00%,18.58,8.44,"$4,017.18M"
100,RAL,Ralliant Corporation Common Stock,$43.75,50.00,$9.67,$38.67,24.00%,24.00%,19.70,19.70,-8.00%,-8.00%,65.00%,65.00%,30.08,30.08,"$4,932.34M"
101,RBLX,Roblox Corporation Class A Common Stock,$117.52,47.00,$76.83,$114.97,58.00%,90.00%,51.07,70.76,38.00%,167.00%,52.00%,56.00%,26.43,24.94,"$81,470.35M"
102,RBRK,Rubrik Inc. Class A Common Stock,$88.77,84.00,$72.88,$87.94,53.00%,87.00%,38.58,80.72,-6.00%,149.00%,82.00%,87.00%,74.26,57.29,"$17,176.40M"
103,RDDT,Reddit Inc. Class A Common Stock,$217.31,62.00,$148.62,$168.46,84.00%,95.00%,76.73,81.92,108.00%,273.00%,11.00%,21.00%,11.96,12.44,"$40,670.91M"
104,REVG,REV Group Inc. Common Stock,$52.31,58.00,$36.85,$48.38,92.00%,98.00%,91.67,95.53,39.00%,71.00%,81.00%,84.00%,69.05,53.39,"$2,552.59M"
105,RKLB,Rocket Lab Corporation Common Stock,$44.38,77.00,$27.43,$40.51,69.00%,92.00%,67.87,81.01,54.00%,558.00%,40.00%,22.00%,46.33,18.00,"$21,273.81M"
106,RMBS,Rambus Inc. Common Stock,$73.77,41.00,$58.53,$67.42,84.00%,96.00%,83.14,89.22,34.00%,64.00%,19.00%,6.00%,12.36,4.00,"$7,937.20M"
107,RNA,Avidity Biosciences Inc. Common Stock,$46.35,83.00,$33.57,$35.73,94.00%,91.00%,90.45,72.02,53.00%,5.00%,44.00%,56.00%,23.26,23.26,"$5,963.08M"
108,ROAD,Construction Partners Inc. Class A Common Stock,$120.60,57.00,$91.69,$106.42,98.00%,100.00%,92.03,96.43,13.00%,85.00%,95.00%,84.00%,36.64,29.07,"$6,764.47M"
109,ROKU,Roku Inc. Class A Common Stock,$94.22,42.00,$77.69,$87.09,98.00%,99.00%,94.36,79.55,31.00%,35.00%,8.00%,4.00%,7.78,7.68,"$13,881.49M"
110,RYTM,Rhythm Pharmaceuticals Inc. Common Stock,$103.27,45.00,$64.09,$81.92,98.00%,100.00%,96.53,97.33,75.00%,107.00%,24.00%,24.00%,12.73,12.73,"$6,859.20M"
111,SEZL,Sezzle Inc. Common Stock,$95.67,53.00,$76.64,$137.25,16.00%,77.00%,11.78,45.42,-13.00%,375.00%,2.00%,1.00%,17.66,17.66,"$3,255.02M"
112,SIG,Signet Jewelers Limited Common Shares,$87.33,64.00,$71.43,$80.75,98.00%,76.00%,95.19,68.80,32.00%,6.00%,81.00%,79.00%,74.79,53.71,"$3,593.65M"
113,SITM,SiTime Corporation Common Stock,$240.98,48.00,$196.80,$210.56,97.00%,94.00%,95.82,83.29,20.00%,67.00%,0.00%,1.00%,2.56,5.38,"$6,266.44M"
114,SLAB,Silicon Laboratories Inc. Common Stock,$145.12,41.00,$126.34,$138.78,81.00%,90.00%,75.83,80.72,16.00%,22.00%,0.00%,0.00%,6.89,3.14,"$4,762.16M"
115,SLNO,Soleno Therapeutics Inc. Common Stock,$68.57,40.00,$63.61,$81.82,3.00%,62.00%,19.02,55.45,-10.00%,49.00%,0.00%,0.00%,4.22,4.70,"$3,644.15M"
116,SMCI,Super Micro Computer Inc. Common Stock,$43.88,56.00,$39.21,$48.88,32.00%,65.00%,20.72,54.14,6.00%,-22.00%,5.00%,2.00%,20.87,10.73,"$26,188.36M"
117,SMTC,Semtech Corporation Common Stock,$51.09,78.00,$46.95,$48.15,76.00%,73.00%,77.79,48.74,32.00%,38.00%,95.00%,80.00%,65.23,44.53,"$4,426.21M"
118,SNDK,Sandisk Corporation Common Stock,$46.37,44.00,$28.15,$44.29,79.00%,67.00%,74.67,60.66,21.00%,29.00%,2.00%,1.00%,9.55,3.30,"$6,737.52M"
119,SNOW,Snowflake Inc. Common Stock,$196.81,60.00,$177.75,$210.88,11.00%,77.00%,21.35,73.42,-5.00%,67.00%,84.00%,73.00%,86.83,49.36,"$65,675.50M"
120,STEP,StepStone Group Inc. Class A Common Stock,$61.71,57.00,$58.17,$58.42,90.00%,79.00%,81.35,71.21,4.00%,13.00%,95.00%,87.00%,67.06,26.19,"$7,285.30M"
121,STRL,Sterling Infrastructure Inc. Common Stock,$279.58,45.00,$182.99,$252.62,84.00%,96.00%,69.50,81.28,46.00%,136.00%,21.00%,26.00%,17.37,12.65,"$8,504.78M"
122,SYM,Symbotic Inc. Class A Common Stock,$46.23,65.00,$31.25,$46.66,47.00%,87.00%,51.41,62.53,51.00%,103.00%,16.00%,13.00%,9.19,8.26,"$27,298.51M"
123,SYNA,Synaptics Incorporated Common Stock $0.001 Par Value,$71.45,41.00,$68.04,$65.81,98.00%,56.00%,94.75,61.76,19.00%,-11.00%,3.00%,5.00%,7.10,11.51,"$2,754.07M"
124,TARS,Tarsus Pharmaceuticals Inc. Common Stock,$57.25,48.00,$47.33,$43.83,98.00%,100.00%,98.17,98.91,37.00%,107.00%,11.00%,4.00%,21.56,13.60,"$2,416.76M"
125,TCOM,Trip.com Group Limited American Depositary Shares,$64.92,41.00,$63.64,$61.28,98.00%,70.00%,96.54,65.29,5.00%,53.00%,98.00%,49.00%,96.72,34.88,"$42,410.33M"
126,TDW,Tidewater Inc. Common Stock,$60.83,41.00,$47.91,$51.29,95.00%,80.00%,86.82,49.24,47.00%,-33.00%,0.00%,2.00%,4.40,11.32,"$3,010.62M"
127,TEM,Tempus AI Inc. Class A Common Stock,$80.52,76.00,$55.97,$64.04,98.00%,98.00%,85.46,81.81,22.00%,33.00%,21.00%,7.00%,31.50,13.87,"$13,988.54M"
128,TLN,Talen Energy Corporation Common Stock,$356.11,46.00,$243.59,$323.81,68.00%,92.00%,75.49,85.20,45.00%,146.00%,34.00%,11.00%,8.78,23.56,"$16,269.00M"
129,TMDX,TransMedics Group Inc. Common Stock,$119.85,49.00,$92.18,$122.33,31.00%,61.00%,44.97,53.16,-7.00%,-30.00%,39.00%,14.00%,37.51,29.74,"$4,085.73M"
130,TPC,Tutor Perini Corporation Common Stock,$58.43,40.00,$32.39,$49.21,97.00%,99.00%,80.06,87.88,58.00%,151.00%,13.00%,6.00%,11.70,2.66,"$3,081.79M"
131,TRUP,Trupanion Inc. Common Stock,$46.63,46.00,$46.07,$50.81,2.00%,41.00%,17.87,58.10,-2.00%,-4.00%,11.00%,4.00%,16.93,9.95,"$2,004.84M"
132,TSEM,Tower Semiconductor Ltd. Ordinary Shares,$54.73,43.00,$44.11,$45.85,98.00%,99.00%,98.52,97.83,32.00%,31.00%,47.00%,56.00%,29.03,31.01,"$6,116.44M"
133,TSLA,Tesla Inc. Common Stock,$340.01,44.00,$328.41,$321.48,84.00%,71.00%,70.69,48.06,-6.00%,59.00%,15.00%,4.00%,3.82,2.37,"$1,096,684.88M"
134,TTAN,ServiceTitan Inc. Class A Common Stock,$104.82,45.00,$91.43,$108.79,27.00%,53.00%,27.16,48.55,-15.00%,4.00%,53.00%,24.00%,21.06,20.92,"$9,504.12M"
135,TTMI,TTM Technologies Inc. Common Stock,$44.43,51.00,$29.15,$42.70,71.00%,93.00%,69.85,81.01,49.00%,120.00%,65.00%,75.00%,38.60,31.34,"$4,590.21M"
136,UAL,United Airlines Holdings Inc. Common Stock,$102.98,43.00,$87.27,$87.35,98.00%,89.00%,98.22,82.65,32.00%,141.00%,31.00%,29.00%,20.72,8.60,"$33,337.93M"
137,UMBF,UMB Financial Corporation Common Stock,$121.59,54.00,$109.30,$109.03,98.00%,89.00%,98.69,82.58,15.00%,18.00%,98.00%,97.00%,97.03,46.20,"$9,232.12M"
138,UPST,Upstart Holdings Inc. Common stock,$68.85,56.00,$62.12,$70.45,58.00%,76.00%,56.10,57.59,44.00%,60.00%,2.00%,1.00%,11.90,17.75,"$6,624.59M"
139,URBN,Urban Outfitters Inc. Common Stock,$76.98,59.00,$58.59,$73.61,81.00%,95.00%,75.86,92.04,2.00%,106.00%,77.00%,86.00%,81.33,50.38,"$6,900.65M"
140,VAL,Valaris Limited Common Shares,$49.17,43.00,$42.73,$46.70,85.00%,73.00%,82.82,57.15,28.00%,-22.00%,0.00%,7.00%,5.21,15.24,"$3,501.57M"
141,VCTR,Victory Capital Holdings Inc. Class A Common Stock,$71.78,42.00,$63.87,$67.10,97.00%,98.00%,90.76,93.79,14.00%,32.00%,71.00%,59.00%,26.09,17.74,"$4,793.71M"
142,VEEV,Veeva Systems Inc. Class A Common Stock,$290.86,40.00,$244.12,$282.62,95.00%,99.00%,90.71,94.12,22.00%,46.00%,89.00%,87.00%,78.70,63.13,"$47,530.09M"
143,VEON,VEON Ltd. ADS,$58.70,51.00,$44.57,$50.15,94.00%,98.00%,82.00,86.08,8.00%,116.00%,39.00%,53.00%,27.03,26.20,"$4,341.90M"
144,VICR,Vicor Corporation Common Stock,$50.95,45.00,$49.44,$46.44,97.00%,72.00%,43.77,53.07,20.00%,32.00%,5.00%,4.00%,15.39,9.81,"$2,288.64M"
145,VRT,Vertiv Holdings LLC Class A Common Stock,$125.97,47.00,$112.15,$129.38,48.00%,76.00%,43.57,70.78,15.00%,61.00%,11.00%,8.00%,10.45,4.53,"$48,103.74M"
146,VST,Vistra Corp. Common Stock,$190.46,48.00,$157.22,$193.73,48.00%,86.00%,55.85,81.67,16.00%,124.00%,5.00%,4.00%,8.27,9.78,"$64,531.72M"
147,W,Wayfair Inc. Class A Common Stock,$77.84,52.00,$45.67,$62.01,89.00%,97.00%,90.91,93.34,90.00%,75.00%,18.00%,4.00%,21.89,7.00,"$10,092.81M"
148,WFRD,Weatherford International plc Ordinary Shares,$60.83,49.00,$59.95,$54.69,98.00%,48.00%,97.10,32.35,33.00%,-44.00%,32.00%,51.00%,25.08,12.85,"$4,369.36M"
149,WGS,GeneDx Holdings Corp. Class A Common Stock,$128.66,59.00,$84.26,$93.35,98.00%,100.00%,97.58,98.36,84.00%,262.00%,18.00%,6.00%,8.98,11.02,"$3,696.06M"
150,WING,Wingstop Inc. Common Stock,$332.19,41.00,$295.96,$334.37,40.00%,61.00%,47.49,55.77,-2.00%,-18.00%,40.00%,44.00%,21.25,18.81,"$9,275.99M"
151,WSM,Williams-Sonoma Inc. Common Stock (DE),$203.42,51.00,$175.76,$179.95,92.00%,89.00%,87.72,82.50,22.00%,51.00%,95.00%,71.00%,88.71,41.89,"$25,020.27M"
152,XMTR,Xometry Inc. Class A Common Stock,$49.26,54.00,$32.46,$36.58,98.00%,100.00%,98.79,99.28,40.00%,141.00%,0.00%,0.00%,10.16,10.28,"$2,501.97M"
153,ZS,Zscaler Inc. Common Stock,$272.51,53.00,$231.41,$292.03,13.00%,78.00%,34.09,72.15,6.00%,38.00%,81.00%,76.00%,90.68,48.27,"$42,429.41M"
